barcode	status	assignment	log_prob_singleton	log_prob_doublet	cluster0	cluster1
TTCTCCTTCCAGAAGG-1	singlet	0	-90.76561013946268	-149.26689493495127	-90.76561013946268	-299.77943358541296
CCTTACGTCACTCTTA-1	singlet	1	-139.0146523382755	-218.456378422327	-453.84273130646443	-139.0146523382755
ACGATACGTCAAGCGA-1	singlet	1	-121.74454771967514	-184.3306975863635	-434.5696057285613	-121.74454771967514
GCGCAACGTAACGTTC-1	singlet	1	-407.11819261915895	-458.1367269779049	-999.0624815872648	-407.11819261915895
TAAGCGTGTGCAACTT-1	singlet	1	-25.575679183410465	-44.802849799860454	-108.27222952595244	-25.575679183410465
CGATGTAAGGACACCA-1	singlet	0	-63.77116339388823	-109.8443696100002	-63.77116339388823	-228.35417507985545
TACTTACCACTTAACG-1	singlet	0	-341.02453669662236	-915.8254801316025	-341.02453669662236	-1574.5275961702832
CACATAGCAGCTGTTA-1	singlet	0	-80.9643522904887	-232.7227372619759	-80.9643522904887	-504.48607019440306
CAGCGACTCACTTATC-1	doublet	1/0	-994.6766440145018	-791.7359793040351	-1441.269907826893	-994.6766440145018
CTGAAACGTTCTGTTT-1	singlet	1	-168.7380269649241	-268.80277877771806	-680.2343329699399	-168.7380269649241
TAGACCACAATCGGTT-1	singlet	1	-190.5355169257133	-300.84575916824406	-736.7349231617832	-190.5355169257133
AAGAGCACAATCGACC-1	doublet	0/1	-194.91920781948437	-187.82076007462223	-194.91920781948437	-271.86352273931516
CACAGTTTTATGGGGC-1	singlet	0	-78.3548546453123	-135.6149395007002	-78.3548546453123	-269.2654790846379
ACACCAATCCTCAATT-1	singlet	1	-237.07636816099088	-321.27387583617303	-690.0993661688358	-237.07636816099088
CTCGGGATCATACGGT-1	singlet	1	-1026.2922746625968	-1693.5007335474409	-3602.6928873778284	-1026.2922746625968
GGGTTGCGTGATAAGT-1	doublet	0/1	-192.37651190229406	-170.39534257519279	-192.37651190229406	-218.09160960700152
ACCGTAATCATTGCGA-1	singlet	1	-99.41429779113916	-163.9493014513644	-392.0435462160132	-99.41429779113916
GTAGTCATCCTTTCGG-1	singlet	0	-70.68590249770942	-137.0163190226084	-70.68590249770942	-363.3584331290074
GACCAATTCAACGAAA-1	singlet	0	-67.5047424509235	-236.2491792056932	-67.5047424509235	-556.117533720069
CAGTCCTGTCTCCATC-1	singlet	0	-83.40971410159413	-129.0817055408023	-83.40971410159413	-234.95634685221086
